"url","Uixtilelink","Uixtilelink_link","Categoria"
"https://www.youtube.com/results?search_query=Tutorial","4 year old makeup tutorial (obviously just for fun 🙄)","https://www.youtube.com/watch?v=hJbTvFIwYr0","Tutorial"
"https://www.youtube.com/results?search_query=Tutorial","bullshit makeup tutorial part 4 homies","https://www.youtube.com/watch?v=IpNVe0n2atk","Tutorial"
"https://www.youtube.com/results?search_query=Tutorial","FULL COVERAGE GLAM MAKEUP TUTORIAL","https://www.youtube.com/watch?v=C1g92Xghz-8","Tutorial"
"https://www.youtube.com/results?search_query=Tutorial","NEUTRAL TUTORIAL/ CHAT. BBM","https://www.youtube.com/watch?v=Dw91VLyRr-0","Tutorial"
"https://www.youtube.com/results?search_query=Tutorial","DEMON - Pulled Up Skin Halloween Makeup Tutorial","https://www.youtube.com/watch?v=EcqKjNJdkS0","Tutorial"
"https://www.youtube.com/results?search_query=Tutorial","Makeup Tutorial | By Sophia Grace","https://www.youtube.com/watch?v=j9kU6C1Hz00","Tutorial"
"https://www.youtube.com/results?search_query=Tutorial","Farrah Moan - Makeup Tutorial - Rupaul's Drag Race","https://www.youtube.com/watch?v=-O4avJTR6Iw","Tutorial"
"https://www.youtube.com/results?search_query=Tutorial","Updated Eyebrow Routine | Instagram Eyebrows Tutorial | Step by Step","https://www.youtube.com/watch?v=RdZttWjRqlQ","Tutorial"
"https://www.youtube.com/results?search_query=Tutorial","Easy Eyes n' Face Makeup Tutorial | ft. Vanity Planet Makeup Brushes","https://www.youtube.com/watch?v=Nj8NeLUeoiQ","Tutorial"
"https://www.youtube.com/results?search_query=Tutorial","VANISH a Coin at Your FINGER TIPS!! -Tutorial","https://www.youtube.com/watch?v=Q5HnmuQM-Zs","Tutorial"
"https://www.youtube.com/results?search_query=Tutorial","Disney's Moana Nail Art Design Tutorial","https://www.youtube.com/watch?v=d-mwNTV87fw","Tutorial"
"https://www.youtube.com/results?search_query=Tutorial","EMERGENCY BATTERY FROM ASH / TUTORIAL / Distribute video !!","https://www.youtube.com/watch?v=RocsXntrw0c","Tutorial"
"https://www.youtube.com/results?search_query=Tutorial","Kylie Jenner | My Makeup Routine/Tutorial | by Kylie Jenner","https://www.youtube.com/watch?v=8ICYDFxozio","Tutorial"
"https://www.youtube.com/results?search_query=Tutorial","EYELINER TUTORIAL","https://www.youtube.com/watch?v=l55V-PAxkIE","Tutorial"
"https://www.youtube.com/results?search_query=Tutorial","Burning My Hair Off -ORIGINAL VIDEO- (Hair Tutorial Gone Wrong)","https://www.youtube.com/watch?v=LdVuSvZOqXM","Tutorial"
"https://www.youtube.com/results?search_query=Tutorial","Makeup Tutorial Compilation #20","https://www.youtube.com/watch?v=ZYWFL1iEuqA","Tutorial"
"https://www.youtube.com/results?search_query=Tutorial","10 EASY BRAIDS FOR SHORT HAIR TUTORIAL | Milabu","https://www.youtube.com/watch?v=QqJKL5Ey7K8","Tutorial"
"https://www.youtube.com/results?search_query=Tutorial","HOW TO KISS (TUTORIAL)","https://www.youtube.com/watch?v=EBxS9CAgc8Y","Tutorial"
"https://www.youtube.com/results?search_query=Tutorial","Beachy Crochet Shawl Tutorial - Beginner Friendly","https://www.youtube.com/watch?v=4E_S01rz74Q","Tutorial"
"https://www.youtube.com/results?sp=SBTqAwA%253D&q=Tutorial","Disney's Frozen Elsa Makeup Tutorial","https://www.youtube.com/watch?v=_V7iMAv0mY4","Tutorial"
"https://www.youtube.com/results?sp=SBTqAwA%253D&q=Tutorial","COMPACT MINI SHACK/HOUSE! - Minecraft Tutorial","https://www.youtube.com/watch?v=5UBDZdXlj4Y","Tutorial"
"https://www.youtube.com/results?sp=SBTqAwA%253D&q=Tutorial","Pat McGrath Labs Makeup Tutorial: Darkstar 006 | Vintageortacky","https://www.youtube.com/watch?v=NJLcUM7whFY","Tutorial"
"https://www.youtube.com/results?sp=SBTqAwA%253D&q=Tutorial","EYEBROW TUTORIAL","https://www.youtube.com/watch?v=dbPvZpsHFts","Tutorial"
"https://www.youtube.com/results?sp=SBTqAwA%253D&q=Tutorial","BASIC TO BADDIE MAKEUP TRANSFORMATION - DARK SKIN MAKEUP TUTORIAL","https://www.youtube.com/watch?v=5LokC3BYk2k","Tutorial"
"https://www.youtube.com/results?sp=SBTqAwA%253D&q=Tutorial","ONE BRAND PROM MAKEUP TUTORIAL | DRUGSTORE","https://www.youtube.com/watch?v=seUdVrnm96U","Tutorial"
"https://www.youtube.com/results?sp=SBTqAwA%253D&q=Tutorial","SUNSET gold glitter eyeshadow tutorial","https://www.youtube.com/watch?v=LRGfEzQIxyY","Tutorial"
"https://www.youtube.com/results?sp=SBTqAwA%253D&q=Tutorial","Full Face Drugstore Makeup Tutorial & Affordable Brushes!","https://www.youtube.com/watch?v=ePmnAZUQlkM","Tutorial"
"https://www.youtube.com/results?sp=SBTqAwA%253D&q=Tutorial","Alan Walker - Faded - EASY Piano Tutorial by PlutaX","https://www.youtube.com/watch?v=aCJxjDzyAT8","Tutorial"
"https://www.youtube.com/results?sp=SBTqAwA%253D&q=Tutorial","Morphe 35O Makeup Tutorial | Jaclyn Hill","https://www.youtube.com/watch?v=Ao4K84by7vs","Tutorial"
"https://www.youtube.com/results?sp=SBTqAwA%253D&q=Tutorial","Warm Matte Cat Eye Tutorial!","https://www.youtube.com/watch?v=jqAvC6XOxlc","Tutorial"
"https://www.youtube.com/results?sp=SBTqAwA%253D&q=Tutorial","long layered haircut tutorial","https://www.youtube.com/watch?v=dOXqAWISqS4","Tutorial"
"https://www.youtube.com/results?sp=SBTqAwA%253D&q=Tutorial","Drunk Makeup Tutorial Extras","https://www.youtube.com/watch?v=M8KXGiSvZUI","Tutorial"
"https://www.youtube.com/results?sp=SBTqAwA%253D&q=Tutorial","Paramore - Hard Times (Hayley Williams Makeup Tutorial) | atleeeey","https://www.youtube.com/watch?v=UPjRt4K8uJ0","Tutorial"
"https://www.youtube.com/results?sp=SBTqAwA%253D&q=Tutorial","IMAGINE - JOHN LENNON (EASY UKULELE TUTORIAL!)","https://www.youtube.com/watch?v=sSwFAFImFK8","Tutorial"
"https://www.youtube.com/results?sp=SBTqAwA%253D&q=Tutorial","AngularJS Tutorial","https://www.youtube.com/watch?v=OPxeCiy0RdY","Tutorial"
"https://www.youtube.com/results?sp=SBTqAwA%253D&q=Tutorial","VGOD Vapetrick Tutorials : How To Bend An O","https://www.youtube.com/watch?v=e5eh-fyt3B8","Tutorial"
"https://www.youtube.com/results?sp=SBTqAwA%253D&q=Tutorial","Best of Nail Art Tutorial Compilation","https://www.youtube.com/watch?v=T9XA0jm9C04","Tutorial"
"https://www.youtube.com/results?sp=SBTqAwA%253D&q=Tutorial","DIY | How to make an Oreo Phone Case - Tutorial","https://www.youtube.com/watch?v=j3Dp2WDOU2M","Tutorial"
"https://www.youtube.com/results?sp=SBTqAwA%253D&q=Tutorial","Miss Universe 2015, Pia Wurtzbach: Everyday Look Make Up Tutorial","https://www.youtube.com/watch?v=4BsPKv5aKSs","Tutorial"
"https://www.youtube.com/results?q=Tutorial&sp=SCjqAwA%253D","The Professor 'Where you goin?' Move Tutorial (Insane Move)","https://www.youtube.com/watch?v=8EJ4OQ0Lfcs","Tutorial"
"https://www.youtube.com/results?q=Tutorial&sp=SCjqAwA%253D","Easy Eyebrow Tutorial","https://www.youtube.com/watch?v=VKqwQnkzvTI","Tutorial"
"https://www.youtube.com/results?q=Tutorial&sp=SCjqAwA%253D","Future - Mask Off - Piano Tutorial","https://www.youtube.com/watch?v=8Te5lEUpWAE","Tutorial"
"https://www.youtube.com/results?q=Tutorial&sp=SCjqAwA%253D","Rust Tutorial","https://www.youtube.com/watch?v=U1EFgCNLDB8","Tutorial"
"https://www.youtube.com/results?q=Tutorial&sp=SCjqAwA%253D","Quick & Simple Hijab Tutorial | DXB ♡","https://www.youtube.com/watch?v=LhdvxIHM4qw","Tutorial"
"https://www.youtube.com/results?q=Tutorial&sp=SCjqAwA%253D","BABY HAIR TUTORIAL !!!","https://www.youtube.com/watch?v=TV7C6U2ih1o","Tutorial"
"https://www.youtube.com/results?q=Tutorial&sp=SCjqAwA%253D","TOP 4 - Easy Football Skills for Kids & Beginner - Tutorial","https://www.youtube.com/watch?v=1vNmYNH8d4I","Tutorial"
"https://www.youtube.com/results?q=Tutorial&sp=SCjqAwA%253D","Advanced Electric FX Tutorial! 100% After Effects!","https://www.youtube.com/watch?v=yxncS9gVDYI","Tutorial"
"https://www.youtube.com/results?q=Tutorial&sp=SCjqAwA%253D","Interview Makeup Tutorial + Confidence Tips! | LustreLux","https://www.youtube.com/watch?v=pUEHa6bcFdw","Tutorial"
"https://www.youtube.com/results?q=Tutorial&sp=SCjqAwA%253D","Disney's Tangled Rapunzel Make-up Tutorial( Ft. Flynn and Pascal)","https://www.youtube.com/watch?v=Y4D9zqyCxPk","Tutorial"
"https://www.youtube.com/results?q=Tutorial&sp=SCjqAwA%253D","JustSomeMotion (JSM) - Tutorial #2 - Water Doll & Pendulum - #neoswing","https://www.youtube.com/watch?v=heI8SjqgAEA","Tutorial"
"https://www.youtube.com/results?q=Tutorial&sp=SCjqAwA%253D","EASY GLITTER GLAM MAKEUP TUTORIAL | Jaclyn Hill","https://www.youtube.com/watch?v=w0UFybkNONg","Tutorial"
"https://www.youtube.com/results?q=Tutorial&sp=SCjqAwA%253D","DANCING TUTORIAL // Jojo Siwa & Miranda Sings","https://www.youtube.com/watch?v=WHbGSHAbPfQ","Tutorial"
"https://www.youtube.com/results?q=Tutorial&sp=SCjqAwA%253D","Everyday Simple Hijab Tutorial","https://www.youtube.com/watch?v=LGwYnplcfJ8","Tutorial"
"https://www.youtube.com/results?q=Tutorial&sp=SCjqAwA%253D","Disney's URSULA Makeup Tutorial","https://www.youtube.com/watch?v=68OOfdxhWWc","Tutorial"
"https://www.youtube.com/results?q=Tutorial&sp=SCjqAwA%253D","Hootsuite Beginner Tutorial - How To Manage Your Social Media Accounts","https://www.youtube.com/watch?v=8LEtIQFv1bE","Tutorial"
"https://www.youtube.com/results?q=Tutorial&sp=SCjqAwA%253D","How To Shoot Like Marco Reus | Top Spin Free Kick Tutorial | freekickerz","https://www.youtube.com/watch?v=JKi0xQUwCDg","Tutorial"
"https://www.youtube.com/results?q=Tutorial&sp=SCjqAwA%253D","Inline Skating Tutorial, Beginner To Beast -10 Tips","https://www.youtube.com/watch?v=EyMNJ0n18Q8","Tutorial"
"https://www.youtube.com/results?q=Tutorial&sp=SCjqAwA%253D","The Perfect Eyebrow | Tutorial","https://www.youtube.com/watch?v=QKKcns3x2-4","Tutorial"
"https://www.youtube.com/results?q=Tutorial&sp=SCjqAwA%253D","Navisworks Tutorial for Beginners 1","https://www.youtube.com/watch?v=-g_jHeg4sG8","Tutorial"
"https://www.youtube.com/results?sp=SDzqAwA%253D&q=Tutorial","How to Do a Fishtail Braid | Braid Tutorials","https://www.youtube.com/watch?v=Wz_vGN36yvU","Tutorial"
"https://www.youtube.com/results?sp=SDzqAwA%253D&q=Tutorial","Men's Haircut Tutorial - Male Model Haircut - TheSalonGuy","https://www.youtube.com/watch?v=DbhOArFNF18","Tutorial"
"https://www.youtube.com/results?sp=SDzqAwA%253D&q=Tutorial","How To Use Canva - Tutorial!","https://www.youtube.com/watch?v=WL-WbHwsbs8","Tutorial"
"https://www.youtube.com/results?sp=SDzqAwA%253D&q=Tutorial","BABY HAIR TUTORIAL !!!","https://www.youtube.com/watch?v=TV7C6U2ih1o","Tutorial"
"https://www.youtube.com/results?sp=SDzqAwA%253D&q=Tutorial","3d origami swan tutorial | DIY Paper Crafts Swan","https://www.youtube.com/watch?v=k9fD3L2cmIk","Tutorial"
"https://www.youtube.com/results?sp=SDzqAwA%253D&q=Tutorial","MPK MINI MK2 TUTORIAL: Keys and Pads Play Separate Instruments","https://www.youtube.com/watch?v=gY3QOvMyJUI","Tutorial"
"https://www.youtube.com/results?sp=SDzqAwA%253D&q=Tutorial","Fidget Spinner ANTI GRAVITY Trick! - Easy Tutorial","https://www.youtube.com/watch?v=-KRx4SQ-Nuc","Tutorial"
"https://www.youtube.com/results?sp=SDzqAwA%253D&q=Tutorial","The Power of MAKEUP!","https://www.youtube.com/watch?v=a4Ov8qvZ2_w","Tutorial"
"https://www.youtube.com/results?sp=SDzqAwA%253D&q=Tutorial","PERT - Project Management Techniques||with solved problem||Operations Research Tutorial","https://www.youtube.com/watch?v=WrAf6zdteXI","Tutorial"
"https://www.youtube.com/results?sp=SDzqAwA%253D&q=Tutorial","Easy Eyebrow Tutorial","https://www.youtube.com/watch?v=VKqwQnkzvTI","Tutorial"
"https://www.youtube.com/results?sp=SDzqAwA%253D&q=Tutorial","Korean Makeup vs American Makeup Before and After Transformation Tutorial Routine ♥ Wengie","https://www.youtube.com/watch?v=7dEyS1VEz4Y","Tutorial"
"https://www.youtube.com/results?sp=SDzqAwA%253D&q=Tutorial","Make photos Tumblr Type - PicsArt Tutorial","https://www.youtube.com/watch?v=LiTQ2cavt4E","Tutorial"
"https://www.youtube.com/results?sp=SDzqAwA%253D&q=Tutorial","League of Legends Montage Tutorial","https://www.youtube.com/watch?v=udDYq9P2N0c","Tutorial"
"https://www.youtube.com/results?sp=SDzqAwA%253D&q=Tutorial","Creating a Google Site - Sites Tutorial 1 of 5","https://www.youtube.com/watch?v=Y98R533Gmpg","Tutorial"
"https://www.youtube.com/results?sp=SDzqAwA%253D&q=Tutorial","Building a Website from Scratch | Adobe Muse CC Tutorial | Muse For You","https://www.youtube.com/watch?v=rXmga-D0xDM","Tutorial"
"https://www.youtube.com/results?sp=SDzqAwA%253D&q=Tutorial","Red to Black Gradient Tutorial || KELLI MARISSA","https://www.youtube.com/watch?v=J_fGr1ZpOBA","Tutorial"
"https://www.youtube.com/results?sp=SDzqAwA%253D&q=Tutorial","Kiss Acrylic Nail Kit Demo Tutorial","https://www.youtube.com/watch?v=zXhOrtz2zVo","Tutorial"
"https://www.youtube.com/results?sp=SDzqAwA%253D&q=Tutorial","Photoshop Tutorial | How to Make Caricature Photo Effect","https://www.youtube.com/watch?v=zs6ndiPvLM4","Tutorial"
"https://www.youtube.com/results?sp=SDzqAwA%253D&q=Tutorial","Hootsuite Beginner Tutorial - How To Manage Your Social Media Accounts","https://www.youtube.com/watch?v=8LEtIQFv1bE","Tutorial"
"https://www.youtube.com/results?sp=SDzqAwA%253D&q=Tutorial","NBA 2K17 Defensive Tips: Perimeter Defense Tutorial","https://www.youtube.com/watch?v=MJv5vprG2ec","Tutorial"
"https://www.youtube.com/results?sp=SBTqAwA%253D&q=Tutorial+espa%C3%B1ol","Tutorial Google Classroom (Español)","https://www.youtube.com/watch?v=PnWQN-Q2C_o","Tutorial"
"https://www.youtube.com/results?sp=SBTqAwA%253D&q=Tutorial+espa%C3%B1ol","Tutorial de Impossible Dip en español (Street Workout/Calistenia)","https://www.youtube.com/watch?v=OuzmNKc4fDM","Tutorial"
"https://www.youtube.com/results?sp=SBTqAwA%253D&q=Tutorial+espa%C3%B1ol","Tutorial divi 3.0 en español","https://www.youtube.com/watch?v=QvsJhzUsW14","Tutorial"
"https://www.youtube.com/results?sp=SBTqAwA%253D&q=Tutorial+espa%C3%B1ol","Tutorial Microsoft Office Sway en Español","https://www.youtube.com/watch?v=w1XSWH_5iIo","Tutorial"
"https://www.youtube.com/results?sp=SBTqAwA%253D&q=Tutorial+espa%C3%B1ol","Vídeo Tutorial de Microsoft Word 2016 Full en Español","https://www.youtube.com/watch?v=Oppnhr32-HY","Tutorial"
"https://www.youtube.com/results?sp=SBTqAwA%253D&q=Tutorial+espa%C3%B1ol","TUTORIAL BASICO ESPAÑOL VIDEOSCRIBE VIDEO 1 DE 3","https://www.youtube.com/watch?v=V2YU7xWmtSo","Tutorial"
"https://www.youtube.com/results?sp=SBTqAwA%253D&q=Tutorial+espa%C3%B1ol","Tutorial 1 de MATLAB en español - Introducción 1/2","https://www.youtube.com/watch?v=Wgk_FdfpJqg","Tutorial"
"https://www.youtube.com/results?sp=SBTqAwA%253D&q=Tutorial+espa%C3%B1ol","Tutorial Word (Cap. 1) Conocimientos Básicos","https://www.youtube.com/watch?v=7N2SjoqRHn8","Tutorial"
"https://www.youtube.com/results?sp=SBTqAwA%253D&q=Tutorial+espa%C3%B1ol","Tutorial iMovie en español 1 de 2","https://www.youtube.com/watch?v=aQu-2vxmMKQ","Tutorial"
"https://www.youtube.com/results?sp=SBTqAwA%253D&q=Tutorial+espa%C3%B1ol","TUTORIAL VIDEOSCRIBE PRO 2016 HD ESPAÑOL (sparkol) COMO FUNCIONA","https://www.youtube.com/watch?v=aZ27soil-No","Tutorial"
"https://www.youtube.com/results?sp=SBTqAwA%253D&q=Tutorial+espa%C3%B1ol","Tutorial de Plickers en español","https://www.youtube.com/watch?v=Vxc-UIklHSg","Tutorial"
"https://www.youtube.com/results?sp=SBTqAwA%253D&q=Tutorial+espa%C3%B1ol","Trading de Criptomonedas | Compra y Venta | Bittrex: Como funciona? | Tutorial en Español","https://www.youtube.com/watch?v=JKyuiTjf1Oo","Tutorial"
"https://www.youtube.com/results?sp=SBTqAwA%253D&q=Tutorial+espa%C3%B1ol","Tutorial Canva Español 2017 - TU GUÍA DEFINITIVA","https://www.youtube.com/watch?v=2F8h78Lsbu0","Tutorial"
"https://www.youtube.com/results?sp=SBTqAwA%253D&q=Tutorial+espa%C3%B1ol","Logo Reveal After Effects Tutorial","https://www.youtube.com/watch?v=FrBbN9Spw-0","Tutorial"
"https://www.youtube.com/results?sp=SBTqAwA%253D&q=Tutorial+espa%C3%B1ol","Tutorial de Floorplanner (en español)","https://www.youtube.com/watch?v=Ixyyc7hM2LI","Tutorial"
"https://www.youtube.com/results?sp=SBTqAwA%253D&q=Tutorial+espa%C3%B1ol","Google Classroom martin Tutorial (español)","https://www.youtube.com/watch?v=MR_y_rcKvoc","Tutorial"
"https://www.youtube.com/results?sp=SBTqAwA%253D&q=Tutorial+espa%C3%B1ol","Tutorial PUBMED en Español 2016 📖 🔍","https://www.youtube.com/watch?v=KDBrwRaoyKw","Tutorial"
"https://www.youtube.com/results?sp=SBTqAwA%253D&q=Tutorial+espa%C3%B1ol","Unity 5 tutorial español básico 2016 (Primeros pasos, muy fácil)","https://www.youtube.com/watch?v=ypkZi5wg0Q4","Tutorial"
"https://www.youtube.com/results?sp=SBTqAwA%253D&q=Tutorial+espa%C3%B1ol","Tutorial Manga Studio 5 Español 1/5","https://www.youtube.com/watch?v=4iPXR9gLPvc","Tutorial"
"https://www.youtube.com/results?sp=SBTqAwA%253D&q=Tutorial+espa%C3%B1ol","TUTORIAL COMPLETO AUDACITY EN ESPAÑOL 2015/16","https://www.youtube.com/watch?v=QO72r3Z0d9Q","Tutorial"
"https://www.youtube.com/results?q=Tutorial+espa%C3%B1ol&sp=SCjqAwA%253D","Tutorial Básico Zbrush ::: parte 1","https://www.youtube.com/watch?v=PepC90YSVvg","Tutorial"
"https://www.youtube.com/results?q=Tutorial+espa%C3%B1ol&sp=SCjqAwA%253D","Google Analytics: Tutorial En Español","https://www.youtube.com/watch?v=PCxoic2cvVI","Tutorial"
"https://www.youtube.com/results?q=Tutorial+espa%C3%B1ol&sp=SCjqAwA%253D","Tutorial de Impossible Dip en español (Street Workout/Calistenia)","https://www.youtube.com/watch?v=OuzmNKc4fDM","Tutorial"
"https://www.youtube.com/results?q=Tutorial+espa%C3%B1ol&sp=SCjqAwA%253D","Tutorial | Create Vagrant+VirtualBox server on Windows - Spanish audio","https://www.youtube.com/watch?v=l6BF9BTIzI4","Tutorial"
"https://www.youtube.com/results?q=Tutorial+espa%C3%B1ol&sp=SCjqAwA%253D","Playmobil | Tutorial, como hacer un cine para playmobil. DIY Playmobil en español.","https://www.youtube.com/watch?v=PdApj5QGrkU","Tutorial"
"https://www.youtube.com/results?q=Tutorial+espa%C3%B1ol&sp=SCjqAwA%253D","Tutorial Word (Cap. 1) Conocimientos Básicos","https://www.youtube.com/watch?v=7N2SjoqRHn8","Tutorial"
"https://www.youtube.com/results?q=Tutorial+espa%C3%B1ol&sp=SCjqAwA%253D","Tutorial iMovie en español 1 de 2","https://www.youtube.com/watch?v=aQu-2vxmMKQ","Tutorial"
"https://www.youtube.com/results?q=Tutorial+espa%C3%B1ol&sp=SCjqAwA%253D","Tutorial Google Analytics en Español","https://www.youtube.com/watch?v=cWFILuEO-8k","Tutorial"
"https://www.youtube.com/results?q=Tutorial+espa%C3%B1ol&sp=SCjqAwA%253D","TUTORIAL VIDEOSCRIBE PRO 2016 HD ESPAÑOL (sparkol) COMO FUNCIONA","https://www.youtube.com/watch?v=aZ27soil-No","Tutorial"
"https://www.youtube.com/results?q=Tutorial+espa%C3%B1ol&sp=SCjqAwA%253D","SPSS: VIDEO TUTORIAL IBM SPSS STATISTICS | CURSO DE SPSS | MANUAL DEL PROGRAMA SPSS","https://www.youtube.com/watch?v=Er2DAfgnKbU","Tutorial"
"https://www.youtube.com/results?q=Tutorial+espa%C3%B1ol&sp=SCjqAwA%253D","Trading de Criptomonedas | Compra y Venta | Bittrex: Como funciona? | Tutorial en Español","https://www.youtube.com/watch?v=JKyuiTjf1Oo","Tutorial"
"https://www.youtube.com/results?q=Tutorial+espa%C3%B1ol&sp=SCjqAwA%253D","Tutorial Canva Español 2017 - TU GUÍA DEFINITIVA","https://www.youtube.com/watch?v=2F8h78Lsbu0","Tutorial"
"https://www.youtube.com/results?q=Tutorial+espa%C3%B1ol&sp=SCjqAwA%253D","Disintegration PicsArt - Tutorial","https://www.youtube.com/watch?v=SUCZKruE1sE","Tutorial"
"https://www.youtube.com/results?q=Tutorial+espa%C3%B1ol&sp=SCjqAwA%253D","Logo Reveal After Effects Tutorial","https://www.youtube.com/watch?v=FrBbN9Spw-0","Tutorial"
"https://www.youtube.com/results?q=Tutorial+espa%C3%B1ol&sp=SCjqAwA%253D","Tutorial KAHOOT español #participaciónactiva","https://www.youtube.com/watch?v=LxtXHcGnLmE","Tutorial"
"https://www.youtube.com/results?q=Tutorial+espa%C3%B1ol&sp=SCjqAwA%253D","Google Classroom martin Tutorial (español)","https://www.youtube.com/watch?v=MR_y_rcKvoc","Tutorial"
"https://www.youtube.com/results?q=Tutorial+espa%C3%B1ol&sp=SCjqAwA%253D","Tutorial PUBMED en Español 2016 📖 🔍","https://www.youtube.com/watch?v=KDBrwRaoyKw","Tutorial"
"https://www.youtube.com/results?q=Tutorial+espa%C3%B1ol&sp=SCjqAwA%253D","Unity 5 tutorial español básico 2016 (Primeros pasos, muy fácil)","https://www.youtube.com/watch?v=ypkZi5wg0Q4","Tutorial"
"https://www.youtube.com/results?q=Tutorial+espa%C3%B1ol&sp=SCjqAwA%253D","TUTORIAL COMPLETO AUDACITY EN ESPAÑOL 2015/16","https://www.youtube.com/watch?v=QO72r3Z0d9Q","Tutorial"
"https://www.youtube.com/results?q=Tutorial+espa%C3%B1ol&sp=SCjqAwA%253D","Tutorial Mailchimp Paso a paso en Español 2015","https://www.youtube.com/watch?v=QGuWawBuyLY","Tutorial"
"https://www.youtube.com/results?search_query=como+hacer+","How to Make a Coca-Cola Machine - Life Hacks","https://www.youtube.com/watch?v=ndQ64wYJtcg","Tutorial"
"https://www.youtube.com/results?search_query=como+hacer+","DIY Simple Spinner Fidget","https://www.youtube.com/watch?v=CfuRPK9uhEc","Tutorial"
"https://www.youtube.com/results?search_query=como+hacer+","How to Make a Electric AK-47","https://www.youtube.com/watch?v=tjcAWxkoihg","Tutorial"
"https://www.youtube.com/results?search_query=como+hacer+","COMO HACER TUS PROPIOS FIDGET SPINNERS | FÁCIL Y RÁPIDO | By Randomize Me","https://www.youtube.com/watch?v=iI17JAmm7QU","Tutorial"
"https://www.youtube.com/results?search_query=como+hacer+","Como hacer que dibujos cobren vida!!!! - ChideeTv","https://www.youtube.com/watch?v=hsSJ-yPh3Zk","Tutorial"
"https://www.youtube.com/results?search_query=como+hacer+","DIY tattoo machine at home","https://www.youtube.com/watch?v=STxCE195v6E","Tutorial"
"https://www.youtube.com/results?search_query=como+hacer+","How to make a Combination Safe Box at home! - DIY Easy Cardboard Lock ✄ Craftingeek","https://www.youtube.com/watch?v=E1RRCCj1eJM","Tutorial"
"https://www.youtube.com/results?search_query=como+hacer+","Como hacer aire acondicionado casero - muy simple","https://www.youtube.com/watch?v=NYYNMAEuYW8","Tutorial"
"https://www.youtube.com/results?search_query=como+hacer+","Cómo Hacer Un Mini Compresor Casero (muy fácil de hacer)","https://www.youtube.com/watch?v=WzYTepIzkqU","Tutorial"
"https://www.youtube.com/results?search_query=como+hacer+","Como HACER FLOTAR un SPINNER REAL!! MAGICO FIDGET SPINNER FLOTANTE VOLADOR + SORTEO","https://www.youtube.com/watch?v=nuimEVGviWU","Tutorial"
"https://www.youtube.com/results?search_query=como+hacer+","Cómo Hacer una Mini Sierra de Mesa Casera (Muy fácil de hacer)","https://www.youtube.com/watch?v=9Sa7FscKjt8","Tutorial"
"https://www.youtube.com/results?search_query=como+hacer+","How to Make Kitchen Utensils","https://www.youtube.com/watch?v=1V8fgBRRGJo","Tutorial"
"https://www.youtube.com/results?search_query=como+hacer+","TOP 10 TRUCOS DE MAGIA QUE CUALQUIERA PUEDE HACER","https://www.youtube.com/watch?v=b_oP0YLReSA","Tutorial"
"https://www.youtube.com/results?search_query=como+hacer+","Minecraft - Como hacer una Cerca Eléctrica para NOOBS 100% FUNCIONA","https://www.youtube.com/watch?v=tIeCJQyf2MM","Tutorial"
"https://www.youtube.com/results?search_query=como+hacer+","COMO HACER UN FIDGET SPINNER | Super Facil (BayBaeBoy Vlogs)","https://www.youtube.com/watch?v=RE7mL9qPWNI","Tutorial"
"https://www.youtube.com/results?search_query=como+hacer+","►DIY: MAKE YOUR FIDGET SPINNER HOME ◄ || HOW TO MAKE A HOME SPINNER || HAUNTERMAKE","https://www.youtube.com/watch?v=gHAoaSAmrIE","Tutorial"
"https://www.youtube.com/results?search_query=como+hacer+","HOW TO MAKE A PORTAL TO THE DIMENSION OF SUPER MARIO.EXE - MINECRAFT CREEPYPASTA","https://www.youtube.com/watch?v=aVxLbwXDvuA","Tutorial"
"https://www.youtube.com/results?search_query=como+hacer+","HOW TO MAKE A PORTAL TO THE DIMENSION OF TRANSFORMERS - MINECRAFT","https://www.youtube.com/watch?v=RmJlI_D_3o4","Tutorial"
"https://www.youtube.com/results?search_query=como+hacer+","Como hacer un encendedor con la botella plástica","https://www.youtube.com/watch?v=9tzcijj-hek","Tutorial"
"https://www.youtube.com/results?search_query=como+hacer+","Cute and easy hairstyles & Hairstyles for long hair (P9)","https://www.youtube.com/watch?v=4e3Zka_pQTk","Tutorial"
"https://www.youtube.com/results?q=como+hacer&sp=SBTqAwA%253D","FIDGET SPINNER - CÓMO HACER QUE TU FIDGET SPINNER GIRE MÁS RÁPIDO","https://www.youtube.com/watch?v=2sXfCmVnek8","Tutorial"
"https://www.youtube.com/results?q=como+hacer&sp=SBTqAwA%253D","Cute and easy hairstyles & Hairstyles for long hair (P9)","https://www.youtube.com/watch?v=4e3Zka_pQTk","Tutorial"
"https://www.youtube.com/results?q=como+hacer&sp=SBTqAwA%253D","Como hacer un SPINNER Casero | El Spinner MÁS BARATO","https://www.youtube.com/watch?v=TuXBjbGV1XA","Tutorial"
"https://www.youtube.com/results?q=como+hacer&sp=SBTqAwA%253D","Como hacer un Fidget Spinner Casero","https://www.youtube.com/watch?v=wDEDGOGzcHk","Tutorial"
"https://www.youtube.com/results?q=como+hacer&sp=SBTqAwA%253D","DIY Cómo hacer un FIDGET SPINNER y rodamiento CASERO | Juguete antiestrés de moda","https://www.youtube.com/watch?v=VJ4QgoeElcI","Tutorial"
"https://www.youtube.com/results?q=como+hacer&sp=SBTqAwA%253D","MINECRAFT: COMO HACER UNA CASA SUPER PELIGROSA CON ALBERCA EN UNA MONTAÑA! | PODRÁS HACERLA?","https://www.youtube.com/watch?v=l5KwifC1uWc","Tutorial"
"https://www.youtube.com/results?q=como+hacer&sp=SBTqAwA%253D","Cómo Hacer Una Máquina de Tatuajes Casera","https://www.youtube.com/watch?v=s_iKL159EGA","Tutorial"
"https://www.youtube.com/results?q=como+hacer&sp=SBTqAwA%253D","How to make a chocolate Easter egg with a balloon","https://www.youtube.com/watch?v=sQf8G20-c9k","Tutorial"
"https://www.youtube.com/results?q=como+hacer&sp=SBTqAwA%253D","🤘 COMO HACER UN PORTAL A LA DIMENSIÓN DE BARBIE - MINECRAFT","https://www.youtube.com/watch?v=xYqxZ7I8C8E","Tutorial"
"https://www.youtube.com/results?q=como+hacer&sp=SBTqAwA%253D","HOW TO MAKE A TEEPEE FOR CHILDREN OR PETS","https://www.youtube.com/watch?v=H5AEdBys154","Tutorial"
"https://www.youtube.com/results?q=como+hacer&sp=SBTqAwA%253D","CÓMO HACER SLIME SIN BÓRAX 5 RECETAS","https://www.youtube.com/watch?v=EVe6n07sK84","Tutorial"
"https://www.youtube.com/results?q=como+hacer&sp=SBTqAwA%253D","Como hacer un encendedor con la botella plástica","https://www.youtube.com/watch?v=9tzcijj-hek","Tutorial"
"https://www.youtube.com/results?q=como+hacer&sp=SBTqAwA%253D","Como hacer a P.E.K.K.A. (Clash Royale) de Plastilina. How to Make P.E.K.K.A. (CR) Clay tutorial","https://www.youtube.com/watch?v=AdDUh_fkJ6Y","Tutorial"
"https://www.youtube.com/results?q=como+hacer&sp=SBTqAwA%253D","Como hacer rifle aire comprimido casero Tutorial - How to make an air rifle Homemade","https://www.youtube.com/watch?v=aRdy31GIDBk","Tutorial"
"https://www.youtube.com/results?q=como+hacer&sp=SBTqAwA%253D","CÓMO HACER LAS MEJORES TRENZAS PASO A PASO | Braid Hairstyles Patry Jordan","https://www.youtube.com/watch?v=aqoW8WfGhEs","Tutorial"
"https://www.youtube.com/results?q=como+hacer&sp=SBTqAwA%253D","Como Hacer Chilorio","https://www.youtube.com/watch?v=9OqxFP0VjRQ","Tutorial"
"https://www.youtube.com/results?q=como+hacer&sp=SBTqAwA%253D","Cómo hacer el látigo de Amatista - Tutorial Steven Universe","https://www.youtube.com/watch?v=4ApX0hQjMVU","Tutorial"
"https://www.youtube.com/results?q=como+hacer&sp=SBTqAwA%253D","COMO HACER HELADO DE CHOCOLATE CASERO","https://www.youtube.com/watch?v=8RssjDoA6fA","Tutorial"
"https://www.youtube.com/results?q=como+hacer&sp=SBTqAwA%253D","DIY GUMMY STICKERS! - Crafty Week ✎ Craftingeek","https://www.youtube.com/watch?v=yrwlc3rewM4","Tutorial"
"https://www.youtube.com/results?q=como+hacer&sp=SBTqAwA%253D","Cómo hacer una POKEBALL casera que bota - POKEMON GO (Experimentos Caseros)","https://www.youtube.com/watch?v=F1_o2x_9ljk","Tutorial"
"https://www.youtube.com/results?sp=SCjqAwA%253D&q=como+hacer","Como hacer Pecera con viejo monitor CRT | NQUEH","https://www.youtube.com/watch?v=zhl3ui4tz_A","Tutorial"
"https://www.youtube.com/results?sp=SCjqAwA%253D&q=como+hacer","How To Make A SPINNER And Make A LOT OF MONEY With These Toys","https://www.youtube.com/watch?v=eXigNoXKoNY","Tutorial"
"https://www.youtube.com/results?sp=SCjqAwA%253D&q=como+hacer","How to make water beads. DIY water beads or giant Orbeez","https://www.youtube.com/watch?v=fj9FkxxaLT0","Tutorial"
"https://www.youtube.com/results?sp=SCjqAwA%253D&q=como+hacer","How to Make a Paper Gun that Shoots - Easy Paper Gun - Double barrel shotgun.","https://www.youtube.com/watch?v=vEMHf0OTnnw","Tutorial"
"https://www.youtube.com/results?sp=SCjqAwA%253D&q=como+hacer","Como hacer un spinner casero y facil, paso a paso - DYD - La electronica","https://www.youtube.com/watch?v=qB3tfMHDZ44","Tutorial"
"https://www.youtube.com/results?sp=SCjqAwA%253D&q=como+hacer","Cómo hacer PELOTAS ANTIESTRES de Orbeez o canicas de agua (Experimentos Caseros)","https://www.youtube.com/watch?v=u0CIa2CTG2g","Tutorial"
"https://www.youtube.com/results?sp=SCjqAwA%253D&q=como+hacer","BENDY ""TUTORIAL"" ✔POLYMER CLAY ✔COLD PORCELAIN","https://www.youtube.com/watch?v=m_vgNgSzuv0","Tutorial"
"https://www.youtube.com/results?sp=SCjqAwA%253D&q=como+hacer","¡¡MINI DORITOSI!! * CÓMO HACER Doritos o Snacks en MINIATURA","https://www.youtube.com/watch?v=0_FIh8vo-4U","Tutorial"
"https://www.youtube.com/results?sp=SCjqAwA%253D&q=como+hacer","Cómo hacer un INCREÍBLE JUGUETE CASERO","https://www.youtube.com/watch?v=U3UAZJKeAmM","Tutorial"
"https://www.youtube.com/results?sp=SCjqAwA%253D&q=como+hacer","Como Hacer una Mano Robotica en tu Casa con Carton | Inventos Caseros","https://www.youtube.com/watch?v=ybFy-zyLYco","Tutorial"
"https://www.youtube.com/results?sp=SCjqAwA%253D&q=como+hacer","Como hacer Bunny Hop bmx | Como ganar altura de Bunny hop","https://www.youtube.com/watch?v=FrOS80G6vy4","Tutorial"
"https://www.youtube.com/results?sp=SCjqAwA%253D&q=como+hacer","HOW TO MAKE A PORTAL TO THE DIMENSION OF FIVE NIGHTS AT FREDDY'S 4 - MINECRAFT FNAF 4","https://www.youtube.com/watch?v=1XI2o9ixRd8","Tutorial"
"https://www.youtube.com/results?sp=SCjqAwA%253D&q=como+hacer","How to make Outlines PicsArt Tutorial - How to make Tumblr Outlines","https://www.youtube.com/watch?v=bJNDzZ6aclQ","Tutorial"
"https://www.youtube.com/results?sp=SCjqAwA%253D&q=como+hacer","TROLEA a tus amigos CON MARIPOSAS (Increíblemente SI VUELAN!) ★ Así o Más Fácil ★","https://www.youtube.com/watch?v=hoKRmskJUl0","Tutorial"
"https://www.youtube.com/results?sp=SCjqAwA%253D&q=como+hacer","MINECRAFT: COMO HACER UNA CASA EN LA NIEVE PARA SURVIVAL","https://www.youtube.com/watch?v=OlEJWOkIjIM","Tutorial"
"https://www.youtube.com/results?sp=SCjqAwA%253D&q=como+hacer","HOW TO MAKE A PORTAL TO THE EUROVISION DIMENSION AND THE ROOTS - MINECRAFT","https://www.youtube.com/watch?v=KZ_IdFrUI6k","Tutorial"
"https://www.youtube.com/results?sp=SCjqAwA%253D&q=como+hacer","how to make homemade bombs and firecrackers phosphorus paper toy","https://www.youtube.com/watch?v=JTHW253HrRM","Tutorial"
"https://www.youtube.com/results?sp=SCjqAwA%253D&q=como+hacer","HOW TO MAKE A PORTAL TO THE DIMENSION OF SONIC.EXE - MINECRAFT CREEPYPASTA","https://www.youtube.com/watch?v=T52jcNx8GxQ","Tutorial"
"https://www.youtube.com/results?sp=SCjqAwA%253D&q=como+hacer","MINI CASITA EN ÁRBOL | Cómo hacer una Casita de Madera","https://www.youtube.com/watch?v=FtZJBlw0CCY","Tutorial"
"https://www.youtube.com/results?sp=SCjqAwA%253D&q=como+hacer","COMO HACER QUE TU SPINNER NUNCA PARE","https://www.youtube.com/watch?v=A0Ybp24Pk6M","Tutorial"
"https://www.youtube.com/results?q=como+hacer&sp=SDzqAwA%253D","COMO HACER QUE TU SPINNER NUNCA PARE","https://www.youtube.com/watch?v=A0Ybp24Pk6M","Tutorial"
"https://www.youtube.com/results?q=como+hacer&sp=SDzqAwA%253D","COMO HACER RASTAS / DREADLOCKS","https://www.youtube.com/watch?v=HTZondv3Evc","Tutorial"
"https://www.youtube.com/results?q=como+hacer&sp=SDzqAwA%253D","Como hacer ferrofluido casero - Experimento Facil Magnetismo","https://www.youtube.com/watch?v=_LuFRUwzV6I","Tutorial"
"https://www.youtube.com/results?q=como+hacer&sp=SDzqAwA%253D","How to make a plywood Tatami Bed","https://www.youtube.com/watch?v=IAjDMB6KuX8","Tutorial"
"https://www.youtube.com/results?q=como+hacer&sp=SDzqAwA%253D","Como hacer unos shorts","https://www.youtube.com/watch?v=ywqs00s_p7Q","Tutorial"
"https://www.youtube.com/results?q=como+hacer&sp=SDzqAwA%253D","Como hacer una lijadora de banda casera DIY","https://www.youtube.com/watch?v=C4LFlzNt_Bg","Tutorial"
"https://www.youtube.com/results?q=como+hacer&sp=SDzqAwA%253D","HAZ MASA TIRA PEDOS! - BROMAS CASERAS FÁCILES","https://www.youtube.com/watch?v=nMQZt8Mfdp0","Tutorial"
"https://www.youtube.com/results?q=como+hacer&sp=SDzqAwA%253D","How to Make Homemade Wicks Paper And Chinese Style Match","https://www.youtube.com/watch?v=lfHZ7mxS5JU","Tutorial"
